confidence,n,mean_score,std_score
0.0,30,0.15,0.3511066249289032
1.0,18,0.39166666666666666,0.4814958310246493
2.0,42,0.65,0.47228040451389147
3.0,53,0.6556603773584906,0.4523082229986124
4.0,85,0.8670588235294118,0.31315910884242276
5.0,57,0.8964912280701754,0.28891107893056306
