confidence,n,mean_score,std_score
0.0,109,0.2518348623853211,0.4192103801761528
1.0,69,0.3847826086956522,0.4616390514360128
2.0,101,0.6222772277227723,0.4557672238942128
3.0,189,0.71005291005291,0.4290073864296131
4.0,221,0.830316742081448,0.3538224890589675
5.0,187,0.9112299465240642,0.2741204616322557
