section,n_rows,conf_non_missing,conf_fill_rate
1,324,313,0.9660493827160493
2,216,213,0.9861111111111112
3,162,162,1.0
4,198,188,0.9494949494949495
