section,n_rows,conf_non_missing,conf_fill_rate
1,198,188,0.9494949494949495
2,126,123,0.9761904761904762
3,126,126,1.0
4,108,100,0.9259259259259259
