section,corr_conf_score
1,0.5421834557941266
2,0.3606118285115236
3,0.6288905153822859
4,0.4206687109446092
