section,corr_conf_score
1,0.5630324736224196
2,0.2870326413316907
3,0.55489166426909
4,0.5233523256755568
