section,corr_conf_score
1,0.5864733229556827
2,0.3742759720857173
3,0.6362112243291883
4,0.4383977941441006
