subquestion,mean_score,std_score,n,selection_reason
1.1,0.782258064516129,0.271891028139576,31,2nd lowest std
2.2,0.8709677419354839,0.3407771005482389,31,2nd highest mean
2.3,1.0,0.0,31,1st highest mean; 1st lowest std
3.4,0.5806451612903226,0.501610310127101,31,1st highest std
3.5,0.3870967741935484,0.4951376478541908,31,2nd lowest mean
5.2,0.3225806451612903,0.47519096331149135,31,1st lowest mean
5.4,0.41935483870967744,0.5016103101271009,31,2nd highest std
