section,n_rows,conf_non_missing,conf_fill_rate
1,90,80,0.8888888888888888
2,72,69,0.9583333333333334
3,72,72,1.0
4,72,64,0.8888888888888888
