subquestion,mean_score,std_score,n,selection_reason
1.1,0.7794117647058824,0.26342623702460083,17,2nd lowest std
1.2,0.8705882352941177,0.2640187159141206,17,2nd highest mean
2.3,1.0,0.0,17,1st highest mean; 1st lowest std
3.4,0.5294117647058824,0.5144957554275266,17,1st highest std
3.5,0.29411764705882354,0.46966821831386213,17,2nd lowest mean
4.1,0.5294117647058824,0.5144957554275265,17,2nd highest std
5.4,0.23529411764705882,0.43723731609760313,17,1st lowest mean
